"","ID","Description","GeneRatio","BgRatio","RichFactor","FoldEnrichment","zScore","pvalue","p.adjust","qvalue","geneID","Count"
"GO:0002181","GO:0002181","cytoplasmic translation","4/4","208/18860",0.0192307692307692,90.6730769230769,18.9406804480805,1.43756066335637e-08,1.29380459702073e-07,4.53966525270432e-08,"RPS15A/RPL27/RPL9/RPS3A",4
"GO:0042254","GO:0042254","ribosome biogenesis","3/4","318/18860",0.00943396226415094,44.4811320754717,11.389395013029,1.87586700304484e-05,8.44140151370178e-05,2.96189526796554e-05,"RPS15A/RPL27/RPS3A",3
"GO:0022613","GO:0022613","ribonucleoprotein complex biogenesis","3/4","496/18860",0.00604838709677419,28.5181451612903,9.04567322151948,7.09116430799376e-05,0.000212734929239813,7.46438348209869e-05,"RPS15A/RPL27/RPS3A",3
"GO:0042274","GO:0042274","ribosomal small subunit biogenesis","2/4","107/18860",0.0186915887850467,88.1308411214953,13.1641541670452,0.000189911416896037,0.000427300688016083,0.000149930065970555,"RPS15A/RPS3A",2
